Type,Name,Request Count,Failure Count,Median Response Time,Average Response Time,Min Response Time,Max Response Time,Average Content Size,Requests/s,Failures/s,50%,66%,75%,80%,90%,95%,98%,99%,99.9%,99.99%,100%
GET,/,584,0,3400.0,3305.8637946915665,82.90341100655496,9377.832412021235,15.0,1.0166752995140567,0.0,3400,4300,5000,5300,6100,7000,7700,8200,9400,9400,9400
POST,/predict,1785,5,1300.0,1318.4598124428217,91.63139900192618,6256.054102035705,182.5316526610644,3.107475016494163,0.00870441181090802,1300,1500,1700,1800,2100,2400,2600,2800,4700,6300,6300
,Aggregated,2369,5,1400.0,1808.3897092909708,82.90341100655496,9377.832412021235,141.23216547066272,4.12415031600822,0.00870441181090802,1400,1800,2100,2400,3900,5300,6300,7100,8600,9400,9400
